<?xml version="1.0" encoding="UTF-8"?>
<project-private xmlns="http://www.netbeans.org/ns/project-private/1">
    <editor-bookmarks xmlns="http://www.netbeans.org/ns/editor-bookmarks/2" lastBookmarkId="0"/>
    <open-files xmlns="http://www.netbeans.org/ns/projectui-open-files/2">
        <group>
            <file>file:/home/wolfteinter/Escritorio/6%20Semestre/Analisis%20de%20imagenes/Java/Unidad4_Hilos/src/CarreraPiedras/Planeta.java</file>
            <file>file:/home/wolfteinter/Escritorio/6%20Semestre/Analisis%20de%20imagenes/Java/Unidad4_Hilos/src/CarreraPiedras/EstadioCarrera.java</file>
            <file>file:/home/wolfteinter/Escritorio/6%20Semestre/Analisis%20de%20imagenes/Java/Unidad4_Hilos/src/Ejercicio1/hilo2.java</file>
        </group>
    </open-files>
</project-private>
